pos, aa_ref, states                                                                                                                                                                                , hard_concord
  5, S     , "['C', 'C', 'C', 'H', 'C', 'C', 'C', 'C', 'C', 'C', 'C', 'C', 'C', 'C', 'C', 'C', 'C', 'C', 'C', 'C', 'C', 'C', 'C', 'C', 'C', 'C', 'C', 'C', 'C', 'C', 'C', 'C', 'C', 'H', 'C', 'C']",          0.0
  6, T     , "['C', 'C', 'C', 'H', 'C', 'C', 'C', 'C', 'C', 'C', 'C', 'C', 'C', 'C', 'H', 'C', 'C', 'C', 'H', 'C', 'C', 'C', 'C', 'C', 'C', 'H', 'C', 'H', 'C', 'C', 'C', 'C', 'C', 'H', 'C', 'C']",          0.0
  7, A     , "['C', 'C', 'C', 'C', 'C', 'C', 'C', 'C', 'C', 'C', 'C', 'C', 'C', 'C', 'H', 'C', 'C', 'C', 'H', 'C', 'C', 'C', 'C', 'C', 'C', 'H', 'C', 'H', 'C', 'C', 'C', 'C', 'C', 'H', 'C', 'C']",          0.0
  9, A     , "['C', 'C', 'C', 'C', 'C', 'C', 'C', 'C', 'C', 'C', 'C', 'C', 'C', 'C', 'C', 'C', 'C', 'C', 'C', 'C', 'H', 'C', 'C', 'C', 'C', 'C', 'C', 'C', 'C', 'C', 'C', 'C', 'C', 'C', 'C', 'C']",          0.0
 10, D     , "['C', 'C', 'C', 'C', 'C', 'C', 'C', 'C', 'C', 'C', 'C', 'C', 'C', 'C', 'C', 'C', 'C', 'C', 'C', 'C', 'H', 'C', 'C', 'C', 'C', 'C', 'C', 'C', 'C', 'C', 'C', 'C', 'C', 'C', 'C', 'C']",          0.0
 11, G     , "['C', 'C', 'C', 'C', 'C', 'C', 'C', 'C', 'C', 'C', 'C', 'C', 'C', 'C', 'C', 'C', 'C', 'C', 'C', 'C', 'H', 'C', 'C', 'C', 'C', 'C', 'C', 'C', 'C', 'C', 'C', 'C', 'C', 'C', 'C', 'C']",          0.0
 12, L     , "['C', 'C', 'C', 'C', 'C', 'C', 'C', 'C', 'C', 'C', 'C', 'C', 'C', 'C', 'C', 'C', 'C', 'C', 'C', 'C', 'H', 'C', 'C', 'C', 'C', 'C', 'C', 'C', 'H', 'H', 'C', 'H', 'C', 'C', 'C', 'H']",          0.0
 13, L     , "['C', 'C', 'C', 'C', 'C', 'C', 'C', 'C', 'C', 'C', 'C', 'C', 'C', 'C', 'C', 'C', 'C', 'C', 'C', 'C', 'H', 'C', 'C', 'C', 'C', 'C', 'C', 'C', 'H', 'H', 'C', 'H', 'C', 'C', 'C', 'H']",          0.0
 30, L     , "['C', 'C', 'C', 'C', 'C', 'C', 'H', 'C', 'C', 'C', 'C', 'H', 'C', 'C', 'C', 'C', 'C', 'C', 'C', 'C', 'C', 'C', 'C', 'C', 'C', 'C', 'C', 'C', 'C', 'C', 'C', 'C', 'C', 'C', 'C', 'C']",          0.0
 61, T     , "['H', 'H', 'H', 'H', 'H', 'H', 'H', 'H', 'C', 'H', 'H', 'H', 'H', 'H', 'H', 'H', 'H', 'H', 'H', 'C', 'C', 'C', 'H', 'H', 'H', 'H', 'C', 'H', 'H', 'H', 'H', 'H', 'H', 'H', 'H', 'H']",          0.0
 63, R     , "['H', 'H', 'H', 'C', 'H', 'H', 'H', 'H', 'H', 'C', 'H', 'H', 'H', 'H', 'H', 'C', 'C', 'H', 'H', 'C', 'H', 'C', 'H', 'C', 'H', 'H', 'C', 'H', 'C', 'C', 'C', 'C', 'C', 'H', 'C', 'C']",          0.0
 64, A     , "['H', 'H', 'H', 'C', 'H', 'H', 'H', 'H', 'H', 'C', 'H', 'H', 'H', 'H', 'H', 'C', 'C', 'H', 'H', 'C', 'H', 'C', 'H', 'C', 'H', 'H', 'C', 'H', 'C', 'C', 'C', 'C', 'C', 'H', 'C', 'C']",          0.0
 65, L     , "['C', 'C', 'C', 'C', 'H', 'C', 'C', 'C', 'C', 'C', 'C', 'C', 'C', 'C', 'C', 'C', 'C', 'C', 'C', 'C', 'C', 'C', 'C', 'C', 'C', 'C', 'C', 'C', 'C', 'C', 'C', 'C', 'C', 'C', 'C', 'C']",          0.0
 68, P     , "['H', 'H', 'H', 'H', 'H', 'H', 'H', 'H', 'H', 'H', 'H', 'H', 'H', 'C', 'C', 'C', 'H', 'H', 'C', 'H', 'H', 'C', 'H', 'C', 'C', 'C', 'H', 'C', 'C', 'C', 'C', 'C', 'C', 'H', 'H', 'C']",          0.0
103, L     , "['C', 'C', 'C', 'C', 'C', 'C', 'H', 'C', 'H', 'H', 'C', 'H', 'C', 'C', 'C', 'C', 'C', 'C', 'C', 'C', 'C', 'C', 'C', 'C', 'C', 'C', 'C', 'C', 'C', 'C', 'C', 'C', 'C', 'C', 'C', 'C']",          0.0
104, S     , "['H', 'C', 'H', 'C', 'H', 'H', 'H', 'H', 'H', 'H', 'C', 'H', 'H', 'C', 'H', 'C', 'C', 'C', 'H', 'C', 'C', 'C', 'H', 'C', 'C', 'H', 'C', 'H', 'C', 'C', 'C', 'C', 'C', 'C', 'C', 'C']",          0.0
131, V     , "['H', 'H', 'H', 'H', 'H', 'H', 'C', 'H', 'H', 'H', 'H', 'C', 'H', 'H', 'H', 'H', 'H', 'H', 'H', 'H', 'H', 'H', 'H', 'H', 'H', 'H', 'H', 'H', 'H', 'H', 'H', 'H', 'H', 'H', 'H', 'H']",          0.0
137, V     , "['H', 'H', 'H', 'H', 'H', 'H', 'C', 'H', 'H', 'H', 'H', 'C', 'H', 'H', 'H', 'H', 'H', 'H', 'H', 'H', 'H', 'H', 'H', 'H', 'H', 'H', 'H', 'H', 'H', 'H', 'H', 'H', 'H', 'H', 'H', 'H']",          0.0
140, P     , "['C', 'C', 'C', 'C', 'C', 'C', 'C', 'C', 'C', 'C', 'C', 'C', 'C', 'H', 'C', 'C', 'C', 'C', 'C', 'H', 'H', 'C', 'C', 'C', 'C', 'C', 'H', 'C', 'H', 'H', 'H', 'H', 'H', 'C', 'H', 'H']",          0.0
141, L     , "['C', 'C', 'C', 'C', 'C', 'C', 'C', 'C', 'C', 'C', 'C', 'C', 'C', 'H', 'C', 'C', 'C', 'C', 'C', 'H', 'H', 'C', 'C', 'C', 'C', 'C', 'H', 'C', 'H', 'H', 'H', 'H', 'H', 'C', 'H', 'H']",          0.0
142, R     , "['H', 'C', 'H', 'H', 'H', 'H', 'H', 'H', 'H', 'H', 'H', 'H', 'H', 'H', 'C', 'C', 'C', 'C', 'C', 'H', 'H', 'H', 'H', 'H', 'H', 'C', 'H', 'C', 'H', 'H', 'H', 'H', 'H', 'H', 'H', 'H']",          0.0
145, R     , "['H', 'H', 'H', 'H', 'H', 'H', 'H', 'H', 'H', 'H', 'H', 'H', 'C', 'H', 'H', 'H', 'H', 'H', 'H', 'H', 'H', 'H', 'H', 'H', 'H', 'H', 'H', 'H', 'H', 'H', 'H', 'H', 'H', 'H', 'H', 'H']",          0.0
146, Q     , "['H', 'C', 'H', 'C', 'H', 'H', 'C', 'H', 'C', 'H', 'C', 'C', 'C', 'H', 'C', 'H', 'C', 'C', 'C', 'H', 'H', 'H', 'H', 'H', 'H', 'C', 'H', 'C', 'H', 'H', 'H', 'H', 'H', 'H', 'H', 'H']",          0.0
147, G     , "['C', 'C', 'C', 'C', 'C', 'C', 'C', 'C', 'C', 'C', 'C', 'C', 'C', 'C', 'C', 'H', 'C', 'C', 'C', 'H', 'H', 'H', 'C', 'C', 'C', 'C', 'H', 'C', 'C', 'C', 'C', 'C', 'C', 'H', 'C', 'C']",          0.0
148, G     , "['H', 'H', 'H', 'H', 'H', 'H', 'H', 'H', 'H', 'H', 'H', 'H', 'H', 'H', 'H', 'H', 'H', 'H', 'H', 'H', 'H', 'H', 'H', 'H', 'C', 'H', 'H', 'H', 'C', 'C', 'H', 'C', 'H', 'H', 'H', 'C']",          0.0
175, N     , "['C', 'C', 'H', 'H', 'H', 'C', 'C', 'C', 'C', 'C', 'C', 'C', 'C', 'H', 'H', 'C', 'C', 'C', 'H', 'C', 'C', 'H', 'C', 'H', 'H', 'H', 'C', 'H', 'H', 'H', 'H', 'H', 'H', 'C', 'C', 'H']",          0.0
182, P     , "['C', 'C', 'C', 'C', 'C', 'H', 'C', 'C', 'C', 'C', 'C', 'C', 'C', 'C', 'C', 'C', 'C', 'C', 'C', 'C', 'C', 'C', 'C', 'C', 'C', 'C', 'C', 'C', 'C', 'C', 'C', 'C', 'C', 'C', 'C', 'C']",          0.0
183, A     , "['H', 'C', 'H', 'C', 'C', 'H', 'C', 'H', 'C', 'C', 'C', 'C', 'C', 'C', 'C', 'H', 'H', 'C', 'C', 'H', 'C', 'C', 'H', 'C', 'C', 'C', 'H', 'C', 'C', 'C', 'H', 'C', 'H', 'H', 'C', 'C']",          0.0
184, V     , "['H', 'C', 'H', 'C', 'C', 'H', 'C', 'H', 'C', 'E', 'C', 'C', 'C', 'C', 'C', 'H', 'H', 'C', 'C', 'H', 'C', 'C', 'H', 'C', 'C', 'C', 'H', 'C', 'H', 'H', 'H', 'H', 'H', 'H', 'C', 'H']",          0.0
185, C     , "['C', 'C', 'H', 'C', 'E', 'C', 'C', 'C', 'C', 'E', 'E', 'C', 'C', 'C', 'C', 'H', 'C', 'C', 'C', 'C', 'C', 'C', 'C', 'C', 'C', 'C', 'C', 'C', 'H', 'H', 'C', 'H', 'C', 'H', 'C', 'H']",          0.0
186, R     , "['C', 'C', 'C', 'C', 'E', 'C', 'E', 'C', 'C', 'E', 'E', 'E', 'C', 'C', 'C', 'C', 'E', 'C', 'C', 'C', 'E', 'C', 'C', 'C', 'C', 'C', 'C', 'C', 'C', 'C', 'C', 'C', 'C', 'C', 'C', 'C']",          0.0
187, L     , "['C', 'C', 'C', 'C', 'E', 'C', 'E', 'C', 'C', 'E', 'E', 'E', 'C', 'C', 'C', 'C', 'E', 'C', 'C', 'C', 'E', 'C', 'C', 'C', 'C', 'C', 'C', 'C', 'C', 'C', 'C', 'C', 'C', 'E', 'C', 'C']",          0.0
188, E     , "['C', 'C', 'C', 'C', 'E', 'C', 'C', 'C', 'C', 'E', 'E', 'C', 'C', 'C', 'C', 'C', 'E', 'C', 'C', 'C', 'E', 'C', 'C', 'C', 'C', 'C', 'C', 'C', 'C', 'C', 'C', 'C', 'C', 'E', 'C', 'C']",          0.0
189, D     , "['C', 'C', 'C', 'C', 'E', 'C', 'C', 'C', 'C', 'C', 'C', 'C', 'C', 'C', 'C', 'C', 'C', 'C', 'C', 'C', 'C', 'C', 'C', 'C', 'C', 'C', 'C', 'C', 'C', 'C', 'C', 'C', 'C', 'C', 'C', 'C']",          0.0
192, Y     , "['H', 'H', 'H', 'H', 'H', 'C', 'H', 'H', 'H', 'H', 'H', 'H', 'C', 'H', 'H', 'C', 'H', 'H', 'H', 'H', 'H', 'C', 'H', 'H', 'H', 'H', 'H', 'H', 'H', 'H', 'H', 'H', 'H', 'H', 'H', 'H']",          0.0
200, S     , "['H', 'H', 'H', 'H', 'H', 'H', 'H', 'H', 'H', 'H', 'H', 'H', 'H', 'H', 'H', 'H', 'H', 'H', 'H', 'H', 'H', 'H', 'H', 'H', 'H', 'H', 'H', 'H', 'H', 'H', 'C', 'H', 'C', 'H', 'H', 'H']",          0.0
201, F     , "['C', 'C', 'H', 'C', 'C', 'C', 'C', 'C', 'C', 'H', 'C', 'C', 'C', 'C', 'C', 'H', 'C', 'C', 'C', 'C', 'C', 'C', 'C', 'C', 'C', 'C', 'C', 'C', 'C', 'C', 'C', 'C', 'C', 'C', 'C', 'C']",          0.0
202, F     , "['H', 'H', 'H', 'H', 'H', 'C', 'H', 'H', 'H', 'H', 'H', 'H', 'H', 'C', 'C', 'H', 'H', 'H', 'C', 'H', 'C', 'H', 'H', 'C', 'H', 'C', 'H', 'C', 'H', 'H', 'C', 'H', 'C', 'C', 'C', 'H']",          0.0
203, L     , "['H', 'H', 'H', 'H', 'H', 'H', 'H', 'H', 'H', 'H', 'H', 'H', 'H', 'H', 'H', 'H', 'H', 'H', 'H', 'H', 'H', 'H', 'H', 'C', 'H', 'H', 'H', 'H', 'H', 'H', 'C', 'H', 'C', 'C', 'H', 'H']",          0.0
230, L     , "['H', 'H', 'H', 'H', 'H', 'H', 'H', 'H', 'H', 'H', 'H', 'H', 'H', 'C', 'C', 'H', 'H', 'H', 'C', 'C', 'C', 'H', 'H', 'H', 'C', 'C', 'C', 'C', 'H', 'H', 'H', 'H', 'H', 'H', 'C', 'H']",          0.0
231, H     , "['H', 'C', 'C', 'C', 'C', 'C', 'C', 'H', 'H', 'C', 'H', 'C', 'C', 'C', 'C', 'H', 'H', 'C', 'C', 'C', 'C', 'H', 'H', 'C', 'C', 'C', 'C', 'C', 'C', 'C', 'C', 'C', 'C', 'H', 'C', 'C']",          0.0
314, A     , "['C', 'C', 'C', 'C', 'C', 'C', 'C', 'C', 'C', 'C', 'C', 'C', 'C', 'C', 'C', 'C', 'C', 'C', 'C', 'C', 'C', 'C', 'C', 'C', 'C', 'C', 'C', 'C', 'C', 'C', 'C', 'C', 'C', 'C', 'H', 'C']",          0.0
315, P     , "['C', 'C', 'C', 'C', 'C', 'C', 'C', 'C', 'C', 'C', 'C', 'C', 'C', 'C', 'C', 'H', 'C', 'C', 'C', 'C', 'H', 'H', 'C', 'H', 'H', 'C', 'C', 'C', 'H', 'H', 'H', 'H', 'H', 'C', 'H', 'H']",          0.0
316, G     , "['C', 'C', 'C', 'C', 'C', 'C', 'C', 'C', 'C', 'C', 'C', 'C', 'C', 'C', 'C', 'H', 'C', 'C', 'C', 'C', 'H', 'H', 'C', 'H', 'H', 'C', 'C', 'C', 'H', 'H', 'H', 'H', 'H', 'C', 'H', 'H']",          0.0
317, L     , "['C', 'C', 'C', 'C', 'C', 'C', 'C', 'C', 'C', 'C', 'C', 'C', 'C', 'C', 'C', 'C', 'C', 'C', 'C', 'C', 'C', 'H', 'C', 'C', 'H', 'C', 'C', 'C', 'C', 'C', 'H', 'C', 'H', 'C', 'H', 'C']",          0.0
318, P     , "['C', 'C', 'C', 'C', 'C', 'C', 'C', 'C', 'C', 'C', 'C', 'C', 'C', 'C', 'C', 'C', 'C', 'C', 'C', 'C', 'C', 'H', 'C', 'C', 'H', 'C', 'C', 'C', 'C', 'C', 'H', 'C', 'H', 'C', 'H', 'C']",          0.0
319, R     , "['C', 'C', 'C', 'C', 'C', 'C', 'C', 'C', 'C', 'C', 'C', 'C', 'C', 'C', 'C', 'C', 'C', 'C', 'C', 'C', 'C', 'C', 'C', 'C', 'H', 'C', 'C', 'C', 'C', 'C', 'C', 'C', 'C', 'C', 'C', 'C']",          0.0
329, P     , "['C', 'C', 'C', 'C', 'C', 'C', 'C', 'C', 'C', 'C', 'C', 'C', 'C', 'C', 'C', 'C', 'C', 'C', 'C', 'C', 'H', 'C', 'C', 'C', 'H', 'C', 'C', 'C', 'C', 'C', 'C', 'C', 'C', 'C', 'H', 'C']",          0.0
330, A     , "['C', 'C', 'C', 'C', 'C', 'C', 'C', 'C', 'C', 'C', 'C', 'C', 'C', 'C', 'C', 'H', 'C', 'C', 'C', 'C', 'H', 'C', 'C', 'C', 'H', 'C', 'C', 'C', 'C', 'C', 'C', 'C', 'C', 'C', 'H', 'C']",          0.0
331, P     , "['C', 'C', 'C', 'C', 'C', 'C', 'C', 'C', 'C', 'C', 'C', 'C', 'C', 'C', 'C', 'H', 'C', 'C', 'C', 'C', 'H', 'C', 'C', 'C', 'H', 'C', 'C', 'C', 'C', 'C', 'C', 'C', 'C', 'C', 'H', 'C']",          0.0
332, G     , "['C', 'C', 'C', 'C', 'C', 'C', 'C', 'C', 'C', 'C', 'C', 'C', 'C', 'C', 'C', 'H', 'C', 'C', 'C', 'C', 'H', 'C', 'C', 'C', 'H', 'C', 'C', 'C', 'C', 'C', 'C', 'C', 'C', 'C', 'H', 'C']",          0.0
333, L     , "['C', 'C', 'C', 'C', 'C', 'C', 'C', 'C', 'C', 'C', 'C', 'C', 'C', 'H', 'C', 'H', 'C', 'C', 'C', 'C', 'H', 'C', 'C', 'C', 'H', 'C', 'C', 'C', 'H', 'H', 'C', 'H', 'C', 'C', 'H', 'H']",          0.0
334, P     , "['C', 'C', 'C', 'C', 'C', 'C', 'C', 'C', 'C', 'C', 'C', 'C', 'C', 'H', 'H', 'H', 'C', 'C', 'H', 'C', 'H', 'C', 'C', 'H', 'H', 'H', 'C', 'H', 'H', 'H', 'C', 'H', 'C', 'C', 'H', 'H']",          0.0
335, Q     , "['C', 'C', 'C', 'C', 'C', 'C', 'C', 'C', 'C', 'C', 'C', 'C', 'C', 'H', 'H', 'H', 'C', 'C', 'H', 'C', 'H', 'C', 'C', 'H', 'H', 'H', 'C', 'H', 'C', 'C', 'C', 'C', 'C', 'C', 'H', 'C']",          0.0
336, D     , "['C', 'C', 'C', 'C', 'C', 'C', 'C', 'C', 'C', 'C', 'C', 'C', 'C', 'H', 'C', 'H', 'C', 'C', 'C', 'C', 'H', 'C', 'C', 'H', 'H', 'C', 'C', 'C', 'C', 'C', 'C', 'C', 'C', 'C', 'H', 'C']",          0.0
337, P     , "['C', 'C', 'C', 'C', 'C', 'C', 'C', 'C', 'C', 'C', 'C', 'C', 'C', 'H', 'C', 'H', 'C', 'C', 'C', 'C', 'H', 'H', 'C', 'H', 'H', 'C', 'C', 'C', 'H', 'H', 'H', 'H', 'H', 'C', 'H', 'H']",          0.0
338, C     , "['C', 'C', 'C', 'C', 'C', 'C', 'C', 'C', 'C', 'C', 'C', 'C', 'C', 'H', 'C', 'H', 'C', 'C', 'C', 'C', 'H', 'H', 'C', 'H', 'H', 'C', 'C', 'C', 'H', 'H', 'H', 'H', 'H', 'C', 'H', 'H']",          0.0
339, G     , "['C', 'C', 'C', 'C', 'C', 'C', 'C', 'C', 'C', 'C', 'C', 'C', 'C', 'H', 'C', 'H', 'C', 'C', 'C', 'C', 'H', 'C', 'C', 'H', 'C', 'C', 'C', 'C', 'H', 'H', 'H', 'H', 'H', 'C', 'H', 'H']",          0.0
340, P     , "['C', 'C', 'C', 'C', 'C', 'C', 'C', 'C', 'C', 'C', 'C', 'C', 'C', 'H', 'C', 'H', 'C', 'C', 'C', 'C', 'H', 'H', 'C', 'H', 'H', 'C', 'C', 'C', 'H', 'H', 'H', 'H', 'H', 'C', 'H', 'H']",          0.0
341, D     , "['C', 'C', 'C', 'C', 'C', 'C', 'C', 'C', 'C', 'C', 'C', 'C', 'C', 'H', 'H', 'H', 'C', 'C', 'H', 'C', 'H', 'H', 'C', 'H', 'H', 'H', 'C', 'H', 'H', 'H', 'H', 'H', 'H', 'C', 'H', 'H']",          0.0
342, C     , "['C', 'C', 'C', 'H', 'C', 'C', 'C', 'C', 'C', 'C', 'C', 'C', 'C', 'H', 'H', 'H', 'C', 'C', 'H', 'C', 'H', 'H', 'C', 'H', 'H', 'H', 'C', 'H', 'H', 'H', 'H', 'H', 'H', 'C', 'H', 'H']",          0.0
343, A     , "['H', 'C', 'C', 'H', 'H', 'H', 'H', 'H', 'H', 'C', 'C', 'H', 'C', 'H', 'H', 'H', 'H', 'C', 'H', 'H', 'H', 'H', 'H', 'H', 'H', 'H', 'H', 'H', 'H', 'H', 'H', 'H', 'H', 'C', 'H', 'H']",          0.0
344, P     , "['H', 'C', 'H', 'H', 'H', 'H', 'H', 'H', 'H', 'H', 'C', 'H', 'C', 'H', 'H', 'H', 'H', 'C', 'H', 'H', 'H', 'H', 'H', 'H', 'H', 'H', 'H', 'H', 'H', 'H', 'H', 'H', 'H', 'C', 'H', 'H']",          0.0
365, P     , "['H', 'H', 'H', 'C', 'H', 'H', 'H', 'H', 'H', 'H', 'H', 'H', 'H', 'H', 'H', 'H', 'H', 'H', 'H', 'H', 'H', 'H', 'H', 'H', 'H', 'H', 'H', 'H', 'H', 'H', 'H', 'H', 'H', 'H', 'H', 'H']",          0.0
366, G     , "['H', 'C', 'C', 'C', 'C', 'H', 'H', 'H', 'C', 'C', 'H', 'H', 'C', 'H', 'H', 'H', 'C', 'C', 'H', 'H', 'H', 'H', 'H', 'H', 'H', 'H', 'H', 'H', 'H', 'H', 'H', 'H', 'H', 'H', 'H', 'H']",          0.0
367, L     , "['C', 'C', 'C', 'C', 'C', 'C', 'C', 'C', 'C', 'C', 'C', 'C', 'C', 'H', 'H', 'H', 'C', 'C', 'H', 'C', 'H', 'H', 'C', 'H', 'H', 'H', 'C', 'H', 'H', 'H', 'H', 'H', 'H', 'C', 'H', 'H']",          0.0
368, P     , "['C', 'C', 'C', 'C', 'C', 'C', 'C', 'C', 'C', 'C', 'C', 'C', 'C', 'H', 'H', 'H', 'C', 'C', 'H', 'C', 'H', 'H', 'C', 'H', 'H', 'H', 'C', 'H', 'H', 'H', 'H', 'H', 'H', 'C', 'H', 'H']",          0.0
369, P     , "['C', 'C', 'C', 'C', 'C', 'C', 'C', 'C', 'C', 'C', 'C', 'C', 'C', 'H', 'H', 'H', 'C', 'C', 'H', 'C', 'H', 'H', 'C', 'H', 'H', 'H', 'C', 'H', 'H', 'H', 'H', 'H', 'H', 'C', 'H', 'H']",          0.0
370, D     , "['C', 'C', 'C', 'C', 'C', 'C', 'C', 'C', 'C', 'C', 'C', 'C', 'C', 'H', 'H', 'H', 'C', 'C', 'H', 'C', 'H', 'H', 'C', 'H', 'H', 'H', 'C', 'H', 'H', 'H', 'H', 'H', 'H', 'C', 'H', 'H']",          0.0
371, P     , "['C', 'C', 'C', 'C', 'C', 'C', 'C', 'C', 'C', 'C', 'C', 'C', 'C', 'C', 'H', 'C', 'C', 'C', 'H', 'C', 'C', 'C', 'C', 'H', 'C', 'H', 'C', 'H', 'H', 'H', 'C', 'H', 'C', 'C', 'C', 'H']",          0.0
